{
    "agent": "GTD2MP",
    "problem": "RandomWalk",
    "steps": 3000,
    "metaParameters": {
        "states": 5,
        "target": 0.4,
        "behavior": 0.5,
        "representation": ["tabular", "inverted", "dependent"],
        "batch_size": 8,
 
        "ratio": [0.015625, 0.03125, 0.0625, 0.125, 0.25, 0.5, 1, 2, 4, 8, 16, 32, 64],
        "alpha": [1.0, 0.5, 0.25, 0.125, 0.0625, 0.03125, 0.015625, 0.0078125]
    }
}
