{
    "agent": "TDC",
    "problem": "RandomWalk",
    "steps": 3000,
    "metaParameters": {
        "states": 5,
        "target": 0.4,
        "behavior": 0.5,
        "representation": ["tabular", "inverted", "dependent"],
 
        "eta": [1.0],
        "alpha": [[1.0, 0.5, 0.25, 0.125, 0.0625, 0.03125, 0.015625, 0.0078125, 0.00390625, 0.001953125, 0.0009765625]]
    }
}
