{
    "agent": "TDRC",
    "problem": "Boyan",
    "steps": 10000,
"stepsizes": [1.0, 0.5, 0.25, 0.125, 0.0625, 0.03125, 0.015625, 0.0078125, 0.00390625, 0.001953125, 0.0009765625],
    "metaParameters": {
        "beta": 1.0,
        "eta": [1.0],
"alpha": [-1.0]

        
    }
}
