{
    "agent": "TDC",
    "problem": "Critterbot",
    "steps": 119000,
    "metaParameters": {
        "eta": [1.0],
        "alpha": [8.548341211484594e-6, 1.7096682422969188e-5, 3.4193364845938376e-5, 6.838672969187675e-5, 0.0001367734593837535, 0.000273546918767507, 0.000547093837535014, 0.001094187675070028, 0.002188375350140056, 0.004376750700280112, 0.008753501400560224, 0.01750700280112045, 0.0350140056022409],


        "gamma": [0.9875],
        "sensorIdx": [2, 3, 4, 5, 6, 7, 8, 9, 10, 11, 12, 13, 14, 15, 16,
                      17, 18, 19, 20, 21, 22, 26, 27, 28, 29, 30, 31, 32,
                      33, 34, 35, 36, 37, 38, 39, 40, 41, 42, 43, 76, 77,
                      78, 79, 80, 81, 82, 83, 84 , 85, 86, 88, 89, 90]
    }
}
