{
    "agent": "TDRC",
    "problem": "Critterbot",
    "steps": 119000,
    "metaParameters": {
        "beta": 1.0,
        "eta": [1.0],
        "alpha": [0.002188183807439825, 0.0010940919037199124, 0.0005470459518599562, 0.0002735229759299781, 0.00013676148796498905, 6.838074398249453e-5],

        "gamma": [0.9875],
        "sensorIdx": [2, 3, 4, 5, 6, 7, 8, 9, 10, 11, 12, 13, 14, 15, 16,
                      17, 18, 19, 20, 21, 22, 26, 27, 28, 29, 30, 31, 32,
                      33, 34, 35, 36, 37, 38, 39, 40, 41, 42, 43, 76, 77,
                      78, 79, 80, 81, 82, 83, 84 , 85, 86, 88, 89, 90]
    }
}
